{
	"$schema": "https://biomejs.dev/schemas/1.9.4/schema.json",
	"files": {
		"ignoreUnknown": false,
		"ignore": ["./src/styles/**/*", "./src/components/ui/**/*"]
	},
	"formatter": {
		"enabled": true,
		"indentStyle": "tab",
		"lineEnding": "lf",
		"lineWidth": 80
	},
	"javascript": {
		"formatter": {
			"quoteStyle": "double",
			"trailingCommas": "none"
		}
	},
	"linter": {
		"enabled": true,
		"rules": {
			"recommended": true,
			"correctness": {
				"noUnusedImports": "error"
			},
			"nursery": {
				"recommended": true,
				"useSortedClasses": "warn"
			},
			"suspicious": {
				"noExplicitAny": "off"
			}
		}
	},
	"organizeImports": {
		"enabled": true
	},
	"vcs": {
		"enabled": true,
		"clientKind": "git",
		"useIgnoreFile": true
	},
	"overrides": [
		{
			"include": ["**/*.css"],
			"linter": {
				"rules": {
					"correctness": {
						"noUnknownFunction": "off"
					}
				}
			}
		}
	]
}
